method,mean_success,ci95_success,seam_failure_rate,barrier_violation_rate,basin_alignment,descent_continuity,damage_rate,composition_cost,energy_model_error,seeds,episodes_per_group
oracle_basin_composer,0.818328,0.006159,0.067922,0.062224,0.835544,0.827289,0.038584,0.202588,0.045852,7,72
proposed_energy_landscape_composer,0.724620,0.004431,0.128985,0.121255,0.703237,0.691213,0.060711,0.245404,0.075479,7,72
energy_compatibility_heuristic,0.614377,0.002624,0.215599,0.222160,0.497282,0.482528,0.084416,0.336689,0.122824,7,72
residual_rl_composer,0.577133,0.004429,0.244875,0.235819,0.448642,0.433538,0.090402,0.316811,0.132920,7,72
cem_trajectory_composer,0.561384,0.006055,0.250398,0.240834,0.433692,0.422686,0.092592,0.384334,0.136037,7,72
diffusion_skill_stitcher,0.507564,0.008054,0.285602,0.268653,0.392131,0.379506,0.100882,0.251807,0.146315,7,72
option_graph_planner,0.466229,0.003595,0.304674,0.289547,0.360290,0.341159,0.107208,0.175296,0.153887,7,72
behavior_cloned_skill_chain,0.391410,0.009549,0.366894,0.338365,0.276016,0.259830,0.122935,0.110288,0.174064,7,72
greedy_module_sequence,0.323991,0.006488,0.413758,0.377157,0.221323,0.211155,0.139314,0.079644,0.188044,7,72
