{
  "best_ablation": "minus_terminal_sampler",
  "gates": {
    "ablation_success_margin_ge_0.015": true,
    "ablation_utility_margin_ge_0.030": true,
    "barrier_violation_delta_le_-0.020": true,
    "basin_alignment_delta_ge_0.030": true,
    "composition_cost_delta_le_0": true,
    "damage_rate_delta_le_-0.005": true,
    "descent_continuity_delta_ge_0.030": true,
    "failure_cases_ge_24": true,
    "hard_success_margin_ge_0.030": true,
    "hard_utility_margin_ge_0.050": true,
    "paired_hard_utility_wins_ge_8": true,
    "realized_seam_breach_delta_le_-0.020": true,
    "risk_calibration_error_delta_le_-0.010": true,
    "seam_failure_delta_le_-0.020": true,
    "stress_endpoint_success_margin_ge_0.030": true,
    "strict_fixed_risk_breach_le_0.020": true,
    "strict_fixed_risk_coverage_ge_0.550": true
  },
  "iclr_main_ready": false,
  "local_gates_pass": true,
  "metrics": {
    "ablation_success_margin": 0.028124999999999845,
    "ablation_utility_margin": 0.043489850933704055,
    "barrier_violation_delta": -0.04086901637718614,
    "basin_alignment_delta": 0.08000834796450518,
    "composition_cost_delta": -0.045838447808336014,
    "damage_rate_delta": -0.005789689275090493,
    "descent_continuity_delta": 0.07808977829622432,
    "energy_model_error_delta": -0.014417393826272037,
    "hard_success_margin": 0.08459821428571435,
    "hard_success_oracle": 0.9096726190476191,
    "hard_success_proposed": 0.8017113095238095,
    "hard_success_strongest": 0.7171130952380952,
    "hard_utility_margin": 0.23517014791312518,
    "hard_utility_oracle": 1.1398762569735104,
    "hard_utility_proposed": 0.8882704694446638,
    "hard_utility_strongest": 0.6531003215315386,
    "paired_hard_success_delta": 0.08459821428571426,
    "paired_hard_success_wins": 10,
    "paired_hard_utility_delta": 0.23517014791312496,
    "paired_hard_utility_wins": 10,
    "realized_seam_breach_delta": -0.07564619181495479,
    "risk_calibration_error_delta": -0.010548968597595902,
    "seam_failure_delta": -0.04912273476194491,
    "stress_endpoint_success_margin": 0.10312500000000002,
    "stress_endpoint_utility_margin": 0.26404467023069234,
    "strict_fixed_risk": 0.15,
    "strict_fixed_risk_breach": 0.00030211480362537764,
    "strict_fixed_risk_coverage": 0.8630208333333333,
    "strict_fixed_risk_gated_success": 0.7601078077558322,
    "strict_fixed_risk_utility_margin": 1.787442667163429
  },
  "missing_scope_evidence": [
    "no_real_robot_rollouts",
    "no_accepted_high_fidelity_skill_composition_simulation",
    "no_released_skill_energy_or_policy_checkpoint",
    "no_calibrated_contact_force_camera_or_state_logs",
    "no_hardware_rollout_videos",
    "no_independent_baseline_implementations"
  ],
  "oracle": "oracle_basin_composer",
  "previous_method": "proposed_energy_landscape_composer_v4_1",
  "proposed": "barrier_certified_energy_composer_v5",
  "row_counts": {
    "ablation_cell": 38400,
    "ablation_metric": 10,
    "ablation_seed": 100,
    "dataset_summary": 240,
    "failure_cases": 24,
    "fixed_risk_cell": 107520,
    "fixed_risk_metric": 28,
    "fixed_risk_pairwise": 24,
    "fixed_risk_seed": 280,
    "hard_metric": 12,
    "hard_pairwise": 11,
    "hard_seed": 120,
    "main_cell": 230400,
    "main_group": 2880,
    "metric": 12,
    "seed_metric": 600,
    "stress_cell": 161280,
    "stress_metric": 42,
    "stress_seed": 420
  },
  "scope_gate_pass": false,
  "strongest_non_oracle": "proposed_energy_landscape_composer_v4_1",
  "terminal_decision": "STRONG_REVISE",
  "version": "v5_expanded"
}